,scope,dataset,oracle,explainer,Runtime,Runtime-std,GraphEditDistance,GraphEditDistance-std,Correctness,Correctness-std,OracleCalls,OracleCalls-std,OracleAccuracy,OracleAccuracy-std,Sparsity,Sparsity-std,Fidelity,Fidelity-std,Instability,Instability-std
0,meta,IMDB-BINARY-3fcfb2d32433841064a43599dd908a5b,OracleTorch-cdb47ad283f8190a0dece30559f3a9be,GenerateMinimize(OFS-Dummy),1.4290860799057317,0.09232151110157379,156.57246079081764,23.811967297435263,0.3874141414141414,0.027232225818846843,743.8923535353535,47.04652502065189,0.7317777777777777,0.033986925590749034,0.6427733006703897,0.06656512344912813,0.3874141414141414,0.027232225818846843
1,meta,IMDB-BINARY-3fcfb2d32433841064a43599dd908a5b,OracleTorch-0d535b3587e1a6a7519c750b8ce40e8d,GenerateMinimize(OFS-LocalSearch),306.26823628425353,177.65148975368604,6.986946996093337,3.2501470762510634,0.42549494949494954,0.033339889162479104,2438.618878787879,921.3148859428023,0.7198080808080808,0.03749381338621863,0.027793104357727444,0.0045310320159727534,0.42549494949494954,0.033339889162479104
2,meta,IMDB-BINARY-3fcfb2d32433841064a43599dd908a5b,OracleTorch-0d535b3587e1a6a7519c750b8ce40e8d,GenerateMinimize(OFS-Random),276.290271552529,171.736154497934,13.243170426065163,4.696455385045828,0.3514444444444444,0.039368628232247155,2384.4345656565656,162.8741168756135,0.7198080808080808,0.03749381338621863,0.052750244078481966,0.007936604353094252,0.3514444444444444,0.039368628232247155
